,total_num_sections,num_unique_sections,Song
0,9,3,eminem_stan
1,7,5,3-doors-down_here-without-you
2,13,8,3-doors-down_kryptonite
3,8,5,a-day-to-remember_if-it-means-a-lot-to-you
4,6,3,all-time-low_dear-maria-count-me-in
5,6,4,all-time-low_remembering-sunday
6,8,5,alter-bridge_watch-over-you
7,9,5,amy-macdonald_this-is-the-life
8,8,4,anna-nalick_breathe-2-am
9,10,7,arctic-monkeys_505
10,6,4,arctic-monkeys_baby-im-yours
11,10,6,arctic-monkeys_cornerstone
12,9,6,arctic-monkeys_fluorescent-adolescent
13,8,5,arctic-monkeys_mardy-bum
14,8,6,arctic-monkeys_no-buses
15,6,4,arctic-monkeys_only-ones-who-know
16,9,6,arctic-monkeys_when-the-sun-goes-down
17,9,6,audioslave_i-am-the-highway
18,11,6,avril-lavigne_complicated
19,10,6,avril-lavigne_im-with-you
20,8,5,avril-lavigne_sk8er-boi
21,11,7,avril-lavigne_when-youre-gone
22,5,3,band-of-horses_the-funeral
23,8,6,blink-182_i-miss-you
24,8,4,bon-jovi_its-my-life
25,5,3,brandi-carlile_the-story
26,10,4,cage-the-elephant_aint-no-rest-for-the-wicked
27,8,5,casting-crowns_praise-you-in-this-storm
28,6,4,casting-crowns_who-am-i
29,11,6,chris-cornell_you-know-my-name
30,9,5,coldplay_clocks
31,7,4,coldplay_fix-you
32,4,2,coldplay_green-eyes
33,8,6,coldplay_in-my-place
34,3,3,coldplay_sparks
35,6,4,coldplay_the-scientist
36,10,6,coldplay_trouble
37,11,5,coldplay_viva-la-vida
38,9,6,coldplay_yellow
39,8,4,counting-crows_accidentally-in-love
40,10,7,creed_one-last-breath
41,7,6,daniel-powter_bad-day
42,7,4,david-crowderband_how-he-loves
43,7,3,death-cab-for-cutie_i-will-follow-you-into-the-dark
44,17,4,edward-sharpe-and-the-magnetic-zeros_home
45,7,3,element-of-crime_ein-hotdog-unten-am-hafen
46,6,2,elvis-presley_oh-happy-day
47,7,4,empire-of-the-sun_we-are-the-people
48,13,8,evanescence_my-immortal
49,11,6,fall-out-boy_sugar-were-going-down
50,11,5,five-for-fighting_superman-its-not-easy
51,9,3,florence-the-machine_dog-days-are-over
52,6,3,florence-the-machine_youve-got-the-love
53,7,4,foo-fighters_best-of-you
54,8,5,foo-fighters_the-pretender
55,8,5,fountains-of-wayne_stacys-mom
56,6,4,franz-ferdinand_take-me-out
57,7,5,fuel_hemorrhage-in-my-hands
58,5,3,gary-jules_mad-world
59,10,6,green-day_21-guns
60,11,6,green-day_american-idiot
61,17,6,green-day_boulevard-of-broken-dreams
62,11,8,green-day_holiday
63,30,12,green-day_jesus-of-suburbia
64,7,4,green-day_last-night-on-earth
65,5,2,green-day_wake-me-up-when-september-ends
66,9,6,hillsong-united_hosanna
67,7,6,hillsong-united_lead-me-to-the-cross
68,8,4,hoobastank_the-reason
69,6,4,ingrid-michaelson_you-and-i
70,7,4,james-blunt_1973
71,12,7,jason-mraz_im-yours
72,11,6,jason-mraz_lucky
73,6,4,jet_are-you-gonna-be-my-girl
74,7,3,jimmy-eat-world_the-middle
75,11,7,john-mayer_daughters
76,7,3,john-mayer_free-fallin
77,9,5,john-mayer_gravity
78,11,6,john-mayer_stop-this-train
79,10,7,jonas-brothers_lovebug
80,9,6,keane_everybodys-changing
81,10,5,keane_somewhere-only-we-know
82,8,5,kelly-clarkson_since-u-been-gone
83,11,6,kid-rock_all-summer-long
84,8,3,kid-rock_picture
85,7,3,kings-of-leon_sex-on-fire
86,7,4,kings-of-leon_use-somebody
87,9,6,lifehouse_you-and-me
88,9,4,limp-bizkit_behind-blue-eyes
89,7,3,linkin-park_crawling
90,6,2,linkin-park_in-the-end
91,9,5,linkin-park_leave-out-all-the-rest
92,8,5,linkin-park_numb
93,9,6,linkin-park_what-ive-done
94,9,6,maroon-5_she-will-be-loved
95,9,6,maroon-5_sunday-morning
96,9,5,maroon-5_this-love
97,10,6,matchbox-twenty_unwell
98,5,4,mcfly_all-about-you
99,8,5,mgmt_kids
100,7,3,michael-w-smith_above-all
101,4,2,michael-w-smith_awesome-god
102,4,3,michael-w-smith_draw-me-close
103,12,7,mika_grace-kelly
104,9,6,modest-mouse_float-on
105,10,6,mother-mother_burning-pile
106,10,6,muse_hysteria
107,9,5,muse_starlight
108,12,5,muse_time-is-running-out
109,7,4,my-chemical-romance_helena
110,7,4,my-chemical-romance_i-dont-love-you
111,7,3,my-chemical-romance_im-not-okay-i-promise
112,5,3,my-chemical-romance_teenagers
113,10,5,my-chemical-romance_welcome-to-the-black-parade
114,21,4,nick-cave-the-bad-seeds_o-children
115,8,6,nickelback_how-you-remind-me
116,8,4,nickelback_rockstar
117,10,6,oasis_little-by-little
118,7,5,oasis_songbird
119,9,6,oasis_stop-crying-your-heart-out
120,9,6,onerepublic_apologize
121,8,5,onerepublic_secrets
122,8,5,panic-at-the-disco_i-write-sins-not-tragedies
123,8,4,paolo-nutini_last-request
124,11,7,paramore_decode
125,10,6,paramore_misery-business
126,9,5,paramore_the-only-exception
127,7,3,parokya-ni-edgar_your-song
128,8,4,pearl-jam_just-breathe
129,8,4,plain-white-ts_hey-there-delilah
130,9,5,radiohead_how-to-disappear-completely
131,5,4,radiohead_nude
132,6,3,red-hot-chili-peppers_by-the-way
133,6,3,red-hot-chili-peppers_cant-stop
134,11,6,red-hot-chili-peppers_dani-california
135,12,6,red-hot-chili-peppers_snow-hey-oh
136,8,5,red-hot-chili-peppers_the-zephyr-song
137,12,5,rise-against_hero-of-war
138,8,3,robbie-williams_feel
139,6,3,secondhand-serenade_fall-for-you
140,8,5,seether_broken
141,8,4,simple-plan_welcome-to-my-life
142,10,3,snow-patrol_chasing-cars
143,6,3,snow-patrol_run
144,8,4,staind_its-been-awhile
145,8,4,staind_outside
146,5,3,steve-earle_the-galway-girl
147,9,5,stone-sour_through-glass
148,6,3,sunrise-avenue_fairytale-gone-bad
149,8,6,system-of-a-down_lonely-day
150,3,2,tally-hall_hidden-in-the-sand
151,12,6,taylor-swift_breathe
152,10,7,taylor-swift_fearless
153,11,6,taylor-swift_fifteen
154,8,4,taylor-swift_forever-and-always
155,8,5,taylor-swift_love-story
156,7,4,taylor-swift_the-way-i-loved-you
157,8,5,taylor-swift_white-horse
158,9,5,taylor-swift_you-belong-with-me
159,3,2,tenacious-d_kickapoo
160,4,3,the-calling_wherever-you-will-go
161,8,5,the-fratellis_whistle-for-the-choir
162,11,6,the-fray_how-to-save-a-life
163,6,3,the-fray_look-after-you
164,9,4,the-fray_over-my-head-cable-car
165,8,5,the-fray_you-found-me
166,8,6,the-killers_all-these-things-that-ive-done
167,13,7,the-killers_human
168,10,6,the-killers_mr-brightside
169,9,5,the-killers_read-my-mind
170,6,4,the-killers_somebody-told-me
171,13,6,the-killers_when-you-were-young
172,8,4,the-kooks_naive
173,4,3,the-kooks_seaside
174,9,3,the-kooks_she-moves-in-her-own-way
175,13,4,the-moldy-peaches_anyone-else-but-you
176,9,5,the-rembrandts_ill-be-there-for-you
177,13,7,the-script_breakeven
178,12,7,the-script_the-man-who-cant-be-moved
179,11,6,the-shins_new-slang
180,7,4,the-strokes_last-nite
181,6,4,the-strokes_someday
182,9,4,the-white-stripes_fell-in-love-with-a-girl
183,7,5,the-white-stripes_seven-nation-army
184,6,2,the-white-stripes_were-going-to-be-friends
185,4,2,toploader_dancing-in-the-moonlight
186,10,7,train_drops-of-jupiter
187,7,4,train_hey-soul-sister
188,8,4,travis_sing
189,11,6,u2_stuck-in-a-moment-you-cant-get-out-of
190,9,5,vanessa-carlton_a-thousand-miles
191,12,7,weezer_island-in-the-sun
192,11,6,wheatus_teenage-dirtbag
193,9,5,wilco_jesus-etc
194,14,7,zac-brown-band_toes
195,8,5,adele_make-you-feel-my-love
196,7,5,johnny-cash_hurt
197,9,5,amy-winehouse_back-to-black
198,7,3,amy-winehouse_valerie
199,7,3,gnarls-barkley_crazy
200,8,5,alicia-keys_if-i-aint-got-you
201,11,7,britney-spears_toxic
202,7,5,bright-eyes_first-day-of-my-life
203,8,5,james-blunt_youre-beautiful
204,10,5,casting-crowns_o-come-all-ye-faithful
205,9,5,jack-johnson_banana-pancakes
206,9,4,taylor-swift_santa-baby
207,7,5,bon-iver_skinny-love
208,10,6,john-mayer_slow-dancing-in-a-burning-room
209,8,4,eddie-vedder_society
210,8,5,mumford-sons_little-lion-man
211,8,4,regina-spektor_two-birds
212,8,5,adele_chasing-pavements
213,10,5,rihanna_umbrella
214,9,3,amy-winehouse_you-know-im-no-good
215,6,3,corinne-bailey-rae_put-your-records-on
216,8,4,chris-tomlin_how-great-is-our-god
217,6,4,josh-groban_you-raise-me-up
218,8,5,paolo-nutini_candy
219,9,5,the-cinematic-orchestra_to-build-a-home
220,10,7,jack-johnson_better-together
221,8,5,chris-tomlin_joy-to-the-world-unspeakable-joy
222,7,4,james-blunt_goodbye-my-lover
223,13,7,taylor-swift_teardrops-on-my-guitar
224,10,6,glen-hansard_falling-slowly
225,7,4,miley-cyrus_the-climb
226,6,4,outkast_hey-ya
227,8,4,josh-turner_your-man
228,6,4,johnny-cash_wayfaring-stranger
229,10,6,enrique-iglesias_hero
230,1,1,casting-crowns_i-heard-the-bells-on-christmas-day
231,13,7,lady-gaga_bad-romance
232,7,3,eminem_lose-yourself
233,10,5,matisyahu_one-day
234,9,4,amy-winehouse_love-is-a-losing-game
235,7,5,jack-johnson_upside-down
236,8,5,rascal-flatts_bless-the-broken-road
237,9,4,james-morrison_broken-strings
238,5,3,bright-eyes_lua
239,6,3,lady-gaga_paparazzi
240,6,3,damien-rice_the-blowers-daughter
241,9,4,old-crow-medicine-show_wagon-wheel
242,4,3,bob-dylan_ill-be-home-for-christmas
243,3,1,the-brian-setzer-orchestra_o-holy-night
244,9,4,madcon_beggin
245,11,6,colbie-caillat_bubbly
246,5,2,red-mountain-church_come-thou-long-expected-jesus
247,2,2,the-mountain-goats_no-children
248,6,3,alicia-keys_fallin
249,9,5,taylor-swift_our-song
250,8,4,hillsong-worship_still
251,8,4,alexandra-burke_hallelujah
252,8,2,eddie-vedder_hard-sun
253,5,4,fleet-foxes_white-winter-hymnal
254,9,4,alicia-keys_no-one
255,5,3,brad-paisley_whiskey-lullaby
256,12,5,bon-iver_re-stacks
257,8,4,jack-johnson_sitting-waiting-wishing
258,5,2,gregory-alan-isakov_big-black-car
259,5,3,adele_hometown-glory
260,7,2,amy-winehouse_rehab
261,8,5,john-prine_clay-pigeons
262,10,7,evanescence_bring-me-to-life
263,8,4,mumford-sons_the-cave
264,7,5,damien-rice_9-crimes
265,7,4,avenged-sevenfold_dear-god
266,5,2,the-steeldrivers_if-it-hadnt-been-for-love
267,7,4,ray-lamontagne_jolene
268,9,5,bon-iver_flume
269,7,4,norah-jones_sunrise
270,10,7,miley-cyrus_when-i-look-at-you
271,9,5,alexander-rybak_fairytale
272,9,5,taylor-swift_last-christmas
273,6,4,johnny-cash_personal-jesus
274,5,3,norah-jones_dont-know-why
275,7,4,moonstar88_torete
276,9,5,christina-aguilera_hurt
277,12,7,rascal-flatts_life-is-a-highway
278,8,4,alicia-keys_empire-state-of-mind-part-ii-broken-down
279,8,4,gregory-alan-isakov_the-stable-song
280,8,5,norah-jones_come-away-with-me
281,11,7,my-chemical-romance_disenchanted
282,7,3,zac-brown-band_chicken-fried
283,10,4,matt-redman_blessed-be-your-name
284,6,4,justin-timberlake_cry-me-a-river
285,5,3,alan-jackson_the-old-rugged-cross
286,8,3,milow_ayo-technology
287,5,4,dixie-chicks_landslide
288,8,5,john-mayer_waiting-on-the-world-to-change
289,10,6,jamey-johnson_in-color
290,8,5,taylor-swift_the-best-day
291,7,4,carrie-underwood_before-he-cheats
292,3,2,bon-iver_for-emma
293,6,5,system-of-a-down_toxicity
294,9,4,alan-jackson_remember-when
295,9,5,westlife_my-love
296,5,3,christina-aguilera_beautiful
297,11,6,red-hot-chili-peppers_wet-sand
298,8,6,sara-bareilles_gravity
299,7,3,chris-tomlin_amazing-grace-my-chains-are-gone
300,8,5,fleet-foxes_tiger-mountain-peasant-song
301,6,2,john-legend_ordinary-people
302,11,3,rufus-wainwright_hallelujah
303,6,2,alan-jackson_turn-your-eyes-upon-jesus
304,6,3,britney-spears_oops-i-did-it-again
305,6,3,thirty-seconds-to-mars_the-kill
306,5,3,mgmt_electric-feel
307,7,3,regina-spektor_the-call
308,6,5,sportfreunde-stiller_ein-kompliment
309,8,5,tamia_officially-missing-you
310,4,2,cat-power_sea-of-love
311,5,4,darlene-zschech_worthy-is-the-lamb
312,10,5,the-black-eyed-peas_i-gotta-feeling
313,10,6,alan-jackson_let-it-be-christmas
314,6,5,ryan-bingham_southside-of-heaven
315,10,7,pnk_dear-mr-president
316,9,5,randy-travis_three-wooden-crosses
317,9,6,hillsong-worship_mighty-to-save
318,9,5,sara-bareilles_love-song
319,12,6,the-all-american-rejects_gives-you-hell
320,10,5,t-a-t-u-_all-the-things-she-said
321,6,4,rihanna_take-a-bow
322,4,1,estelle_american-boy
323,10,4,the-handsome-family_far-from-any-road
324,8,7,porcupine-tree_trains
325,6,4,slipknot_vermilion-pt-2
326,7,4,the-strokes_reptilia
327,5,3,shinedown_second-chance
328,8,5,kari-jobe_revelation-song
329,7,4,chris-tomlin_light-of-the-world
330,7,5,hillsong-united_from-the-inside-out
331,5,3,city-and-colour_the-girl
332,3,2,the-black-eyed-peas_where-is-the-love
333,7,5,muse_knights-of-cydonia
334,8,4,john-mayer_who-says
335,10,5,the-flaming-lips_yoshimi-battles-the-pink-robots-part-1
336,8,4,three-days-grace_i-hate-everything-about-you
337,7,3,amy-winehouse_stronger-than-me
338,11,6,coldplay_shiver
339,9,4,stereophonics_dakota
340,6,4,johnny-cash_the-man-comes-around
341,6,1,belle-and-sebastian_piazza-new-york-catcher
342,9,6,the-strokes_you-only-live-once
343,10,6,ozzy-osbourne_dreamer
344,5,3,miley-cyrus_butterfly-fly-away
345,7,4,hinder_lips-of-an-angel
346,6,4,parokya-ni-edgar_gitara
347,10,5,johnny-cash_one
348,7,5,amos-lee_sweet-pea
349,8,2,muse_feeling-good
350,5,3,iron-wine_flightless-bird-american-mouth
351,14,6,shakira_hips-dont-lie
352,7,2,eddie-vedder_guaranteed
353,7,4,kt-tunstall_suddenly-i-see
354,8,5,yiruma_river-flows-in-you
355,7,4,nickelback_far-away
356,7,4,ne-yo_so-sick
357,12,4,rise-against_savior
358,6,4,radiohead_all-i-need
359,8,5,damien-rice_cannonball
360,11,6,callalily_magbalik
361,7,3,pearl-jam_i-am-mine
362,8,5,regina-spektor_samson
363,8,5,u2_christmas-baby-please-come-home
364,5,3,avalon_we-are-the-reason
365,5,2,arctic-monkeys_a-certain-romance
366,8,5,panic-at-the-disco_northern-downpour
367,5,4,daft-punk_something-about-us
368,9,6,system-of-a-down_aerials
369,4,2,bon-iver_blood-bank
370,7,4,fergie_big-girls-dont-cry
371,8,5,john-frusciante_the-past-recedes
372,4,4,radiohead_you-and-whose-army
373,12,7,ben-folds_the-luckiest
374,4,2,nirvana_you-know-youre-right
375,6,3,linkin-park_shadow-of-the-day
376,6,4,sia_breathe-me
377,5,3,the-red-jumpsuit-apparatus_your-guardian-angel
378,9,5,foo-fighters_stranger-things-have-happened
379,7,5,radiohead_everything-in-its-right-place
380,9,5,maroon-5_wont-go-home-without-you
381,9,5,deftones_change-in-the-house-of-flies
382,5,4,duffy_warwick-avenue
383,9,5,sum-41_pieces
384,10,6,fleet-foxes_blue-ridge-mountains
385,9,6,demi-lovato_this-is-me
386,9,6,kylie-minogue_cant-get-you-out-of-my-head
387,8,4,natasha-bedingfield_unwritten
388,11,5,eels_that-look-you-give-that-guy
389,8,5,mario_let-me-love-you
390,7,5,tim-minchin_white-wine-in-the-sun
391,7,4,odd-nordstoga_jul-i-svingen
392,7,4,mark-knopfler_sailing-to-philadelphia
393,7,5,tenacious-d_dude-i-totally-miss-you
394,5,3,system-of-a-down_chop-suey
395,8,5,green-day_give-me-novacaine
396,5,3,reamonn_supergirl
397,6,1,starsailor_way-to-fall
398,6,4,imogen-heap_hide-and-seek
399,10,6,audioslave_doesnt-remind-me
400,6,3,nickelback_photograph
401,9,4,josh-turner_long-black-train
402,7,3,taylor-swift_tim-mcgraw
403,8,4,bob-dylan_must-be-santa
404,9,6,travis-tritt_its-a-great-day-to-be-alive
405,7,4,peter-bjorn-and-john_young-folks
406,7,3,ron-pope_a-drop-in-the-ocean
407,8,5,nsync_this-i-promise-you
408,7,3,israel-new-breed_alpha-and-omega
409,5,3,ajj-andrew-jackson-jihad_brave-as-a-noun
410,7,4,taylor-swift_picture-to-burn
411,11,6,paramore_ignorance
412,6,2,radiohead_motion-picture-soundtrack
413,10,3,311_amber
414,6,4,radiohead_there-there
415,12,6,the-strokes_barely-legal
416,5,2,foo-fighters_times-like-these
417,7,4,miranda-lambert_the-house-that-built-me
418,10,6,oasis_let-there-be-love
419,7,4,coldplay_til-kingdom-come
420,6,2,blaze-foley_clay-pigeons
421,7,3,elliott-smith_twilight
422,7,3,coldplay_we-never-change
423,8,4,juanes_la-camisa-negra
424,10,5,gillian-welch_look-at-miss-ohio
425,7,3,randy-travis_just-a-closer-walk-with-thee
426,7,6,beirut_elephant-gun
427,9,4,b-o-b_nothin-on-you
428,11,6,my-chemical-romance_mama
429,11,5,the-avett-brothers_i-and-love-and-you
